{
    "marzo": [
        {
            "tiempo": "Cuaresma",
            "dia-num": 1,
            "dia-sem": "Domingo",
            "festejo": {
                "1": "Color: Morado - II Domingo de Cuaresma"
            }
        },
        {
            "tiempo": "Cuaresma",
            "dia-num": 2,
            "dia-sem": "Lunes",
            "festejo": {
                "1": "Color: Morado - Lunes de la II Semana de Cuaresma"
            }
        },
        {
            "tiempo": "Cuaresma",
            "dia-num": 3,
            "dia-sem": "Martes",
            "festejo": {
                "1": "Color: Morado - Martes de la II Semana de Cuaresma"
            }
        },
        {
            "tiempo": "Cuaresma",
            "dia-num": 4,
            "dia-sem": "Miércoles",
            "festejo": {
                "1": "Color: Morado - Miércoles de la II Semana de Cuaresma",
                "2": "(Memoria facultativa) - Color: Blanco - San Casimiro"
            }
        },
        {
            "tiempo": "Cuaresma",
            "dia-num": 5,
            "dia-sem": "Jueves",
            "festejo": {
                "1": "Color: Morado - Jueves de la II Semana de Cuaresma"
            }
        },
        {
            "tiempo": "Cuaresma",
            "dia-num": 6,
            "dia-sem": "Viernes",
            "festejo": {
                "1": "Color: Morado - Viernes de la II Semana de Cuaresma"
            }
        },
        {
            "tiempo": "Cuaresma",
            "dia-num": 7,
            "dia-sem": "Sábado",
            "festejo": {
                "1": "Color: Morado - Sábado de la II Semana de Cuaresma",
                "2": "(Memoria facultativa) - Color: Rojo - Santas Perpetua y Felicitas, mártires"
            }
        },
        {
            "tiempo": "Cuaresma",
            "dia-num": 8,
            "dia-sem": "Domingo",
            "festejo": {
                "1": "Color: Morado - III Domingo de Cuaresma"
            }
        },
        {
            "tiempo": "Cuaresma",
            "dia-num": 9,
            "dia-sem": "Lunes",
            "festejo": {
                "1": "Color: Morado - Lunes de la III Semana de Cuaresma",
                "2": "(Memoria facultativa) - Color: Blanco - Santa Francisca Romana, religiosa"
            }
        },
        {
            "tiempo": "Cuaresma",
            "dia-num": 10,
            "dia-sem": "Martes",
            "festejo": {
                "1": "Color: Morado - Martes de la III Semana de Cuaresma"
            }
        },
        {
            "tiempo": "Cuaresma",
            "dia-num": 11,
            "dia-sem": "Miércoles",
            "festejo": {
                "1": "Color: Morado - Miércoles de la III Semana de Cuaresma"
            }
        },
        {
            "tiempo": "Cuaresma",
            "dia-num": 12,
            "dia-sem": "Jueves",
            "festejo": {
                "1": "Color: Morado - Jueves de la III Semana de Cuaresma"
            }
        },
        {
            "tiempo": "Cuaresma",
            "dia-num": 13,
            "dia-sem": "Viernes",
            "festejo": {
                "1": "Color: Morado - Viernes de la III Semana de Cuaresma"
            }
        },
        {
            "tiempo": "Cuaresma",
            "dia-num": 14,
            "dia-sem": "Sábado",
            "festejo": {
                "1": "Color: Morado - Sábado de la III Semana de Cuaresma"
            }
        },
        {
            "tiempo": "Cuaresma",
            "dia-num": 15,
            "dia-sem": "Domingo",
            "festejo": {
                "1": "Color: Morado o Rosa - IV Domingo de Cuaresma (Laetare)"
            }
        },
        {
            "tiempo": "Cuaresma",
            "dia-num": 16,
            "dia-sem": "Lunes",
            "festejo": {
                "1": "Color: Morado - Lunes de la IV Semana de Cuaresma"
            }
        },
        {
            "tiempo": "Cuaresma",
            "dia-num": 17,
            "dia-sem": "Martes",
            "festejo": {
                "1": "Color: Morado - Martes de la IV Semana de Cuaresma",
                "2": "(Memoria facultativa) - Color: Blanco - San Patricio, obispo"
            }
        },
        {
            "tiempo": "Cuaresma",
            "dia-num": 18,
            "dia-sem": "Miércoles",
            "festejo": {
                "1": "Color: Morado - Miércoles de la IV Semana de Cuaresma",
                "2": "(Memoria facultativa) - Color: Blanco - San Cirilo de Jerusalén, obispo y doctor de la Iglesia"
            }
        },
        {
            "tiempo": "Cuaresma",
            "dia-num": 19,
            "dia-sem": "Jueves",
            "festejo": {
                "1": "(Solemnidad) - Color: Blanco - San José, Esposo de la Bienaventurada Virgen María"
            }
        },
        {
            "tiempo": "Cuaresma",
            "dia-num": 20,
            "dia-sem": "Viernes",
            "festejo": {
                "1": "Color: Morado - Viernes de la IV Semana de Cuaresma"
            }
        },
        {
            "tiempo": "Cuaresma",
            "dia-num": 21,
            "dia-sem": "Sábado",
            "festejo": {
                "1": "Color: Morado - Sábado de la IV Semana de Cuaresma"
            }
        },
        {
            "tiempo": "Cuaresma",
            "dia-num": 22,
            "dia-sem": "Domingo",
            "festejo": {
                "1": "Color: Morado - V Domingo de Cuaresma"
            }
        },
        {
            "tiempo": "Cuaresma",
            "dia-num": 23,
            "dia-sem": "Lunes",
            "festejo": {
                "1": "Color: Morado - Lunes de la V Semana de Cuaresma",
                "2": "(Memoria facultativa) - Color: Blanco - Santo Toribio de Mogrovejo, obispo"
            }
        },
        {
            "tiempo": "Cuaresma",
            "dia-num": 24,
            "dia-sem": "Martes",
            "festejo": {
                "1": "Color: Morado - Martes de la V Semana de Cuaresma"
            }
        },
        {
            "tiempo": "Cuaresma",
            "dia-num": 25,
            "dia-sem": "Miércoles",
            "festejo": {
                "1": "(Solemnidad) - Color: Blanco - La Anunciación del Señor"
            }
        },
        {
            "tiempo": "Cuaresma",
            "dia-num": 26,
            "dia-sem": "Jueves",
            "festejo": {
                "1": "Color: Morado - Jueves de la V Semana de Cuaresma"
            }
        },
        {
            "tiempo": "Cuaresma",
            "dia-num": 27,
            "dia-sem": "Viernes",
            "festejo": {
                "1": "Color: Morado - Viernes de la V Semana de Cuaresma"
            }
        },
        {
            "tiempo": "Cuaresma",
            "dia-num": 28,
            "dia-sem": "Sábado",
            "festejo": {
                "1": "Color: Morado - Sábado de la V Semana de Cuaresma"
            }
        },
        {
            "tiempo": "Semana Santa",
            "dia-num": 29,
            "dia-sem": "Domingo",
            "festejo": {
                "1": "Color: Rojo - Domingo de Ramos en la Pasión del Señor"
            }
        },
        {
            "tiempo": "Semana Santa",
            "dia-num": 30,
            "dia-sem": "Lunes",
            "festejo": {
                "1": "Color: Morado - Lunes Santo"
            }
        },
        {
            "tiempo": "Semana Santa",
            "dia-num": 31,
            "dia-sem": "Martes",
            "festejo": {
                "1": "Color: Morado - Martes Santo"
            }
        }
    ]
}