{
    "octubre": [
        {
            "tiempo": "Tempo Ordinário",
            "dia-num": 1,
            "dia-sem": "Quarta-feira",
            "festejo": {
                "1": "(Memória obrigatória) - Cor: Branco - Santa Teresa do Menino Jesus, virgem e doutora da Igreja"
            }
        },
        {
            "tiempo": "Tempo Ordinário",
            "dia-num": 2,
            "dia-sem": "Quinta-feira",
            "festejo": {
                "1": "(Memória obrigatória) - Cor: Branco - Os Santos Anjos Custódios"
            }
        },
        {
            "tiempo": "Tempo Ordinário",
            "dia-num": 3,
            "dia-sem": "Sexta-feira",
            "festejo": {
                "1": "Cor: Verde - Sexta-feira da XXVI Semana do Tempo Ordinário"
            }
        },
        {
            "tiempo": "Tempo Ordinário",
            "dia-num": 4,
            "dia-sem": "Sábado",
            "festejo": {
                "1": "(Memória obrigatória) - Cor: Branco - São Francisco de Assis, religioso"
            }
        },
        {
            "tiempo": "Tempo Ordinário",
            "dia-num": 5,
            "dia-sem": "Domingo",
            "festejo": {
                "1": "Cor: Verde - XXVII Domingo do Tempo Ordinário"
            }
        },
        {
            "tiempo": "Tempo Ordinário",
            "dia-num": 6,
            "dia-sem": "Segunda-feira",
            "festejo": {
                "1": "Cor: Verde - Segunda-feira da XXVII Semana do Tempo Ordinário",
                "2": "(Memória facultativa) - Cor: Branco - São Bruno, presbítero"
            }
        },
        {
            "tiempo": "Tempo Ordinário",
            "dia-num": 7,
            "dia-sem": "Terça-feira",
            "festejo": {
                "1": "(Memória obrigatória) - Cor: Branco - Nossa Senhora do Rosário"
            }
        },
        {
            "tiempo": "Tempo Ordinário",
            "dia-num": 8,
            "dia-sem": "Quarta-feira",
            "festejo": {
                "1": "Cor: Verde - Quarta-feira da XXVII Semana do Tempo Ordinário"
            }
        },
        {
            "tiempo": "Tempo Ordinário",
            "dia-num": 9,
            "dia-sem": "Quinta-feira",
            "festejo": {
                "1": "Cor: Verde - Quinta-feira da XXVII Semana do Tempo Ordinário",
                "2": "(Memória facultativa) - Cor: Branco - São João Leonardi, presbítero",
                "3": "(Memória facultativa) - Cor: Vermelho - Santos Dionísio, bispo, e companheiros, mártires"
            }
        },
        {
            "tiempo": "Tempo Ordinário",
            "dia-num": 10,
            "dia-sem": "Sexta-feira",
            "festejo": {
                "1": "Cor: Verde - Sexta-feira da XXVII Semana do Tempo Ordinário"
            }
        },
        {
            "tiempo": "Tempo Ordinário",
            "dia-num": 11,
            "dia-sem": "Sábado",
            "festejo": {
                "1": "Cor: Verde - Sábado da XXVII Semana do Tempo Ordinário",
                "2": "(Memória facultativa) - Cor: Branco - São João XXIII, papa",
                "3": "(Memória facultativa) - Cor: Branco - Santa Maria em sábado"
            }
        },
        {
            "tiempo": "Tempo Ordinário",
            "dia-num": 12,
            "dia-sem": "Domingo",
            "festejo": {
                "1": "Cor: Verde - XXVIII Domingo do Tempo Ordinário"
            }
        },
        {
            "tiempo": "Tempo Ordinário",
            "dia-num": 13,
            "dia-sem": "Segunda-feira",
            "festejo": {
                "1": "Cor: Verde - Segunda-feira da XXVIII Semana do Tempo Ordinário"
            }
        },
        {
            "tiempo": "Tempo Ordinário",
            "dia-num": 14,
            "dia-sem": "Terça-feira",
            "festejo": {
                "1": "Cor: Verde - Terça-feira da XXVIII Semana do Tempo Ordinário",
                "2": "(Memória facultativa) - Cor: Vermelho - São Calixto I, papa e mártir"
            }
        },
        {
            "tiempo": "Tempo Ordinário",
            "dia-num": 15,
            "dia-sem": "Quarta-feira",
            "festejo": {
                "1": "(Memória obrigatória) - Cor: Branco - Santa Teresa de Jesus, virgem e doutora da Igreja"
            }
        },
        {
            "tiempo": "Tempo Ordinário",
            "dia-num": 16,
            "dia-sem": "Quinta-feira",
            "festejo": {
                "1": "Cor: Verde - Quinta-feira da XXVIII Semana do Tempo Ordinário",
                "2": "(Memória facultativa) - Cor: Branco - Santa Eduviges, religiosa",
                "3": "(Memória facultativa) - Cor: Branco - Santa Margarida Maria de Alacoque, virgem"
            }
        },
        {
            "tiempo": "Tempo Ordinário",
            "dia-num": 17,
            "dia-sem": "Sexta-feira",
            "festejo": {
                "1": "(Memória obrigatória) - Cor: Vermelho - São Inácio de Antioquia, bispo e mártir"
            }
        },
        {
            "tiempo": "Tempo Ordinário",
            "dia-num": 18,
            "dia-sem": "Sábado",
            "festejo": {
                "1": "(Festa) - Cor: Vermelho - São Lucas, evangelista"
            }
        },
        {
            "tiempo": "Tempo Ordinário",
            "dia-num": 19,
            "dia-sem": "Domingo",
            "festejo": {
                "1": "Cor: Verde - XXIX Domingo do Tempo Ordinário"
            }
        },
        {
            "tiempo": "Tempo Ordinário",
            "dia-num": 20,
            "dia-sem": "Segunda-feira",
            "festejo": {
                "1": "Cor: Verde - Segunda-feira da XXIX Semana do Tempo Ordinário"
            }
        },
        {
            "tiempo": "Tempo Ordinário",
            "dia-num": 21,
            "dia-sem": "Terça-feira",
            "festejo": {
                "1": "Cor: Verde - Terça-feira da XXIX Semana do Tempo Ordinário"
            }
        },
        {
            "tiempo": "Tempo Ordinário",
            "dia-num": 22,
            "dia-sem": "Quarta-feira",
            "festejo": {
                "1": "Cor: Verde - Quarta-feira da XXIX Semana do Tempo Ordinário",
                "2": "(Memória facultativa) - Cor: Branco - São João Paulo II, papa"
            }
        },
        {
            "tiempo": "Tempo Ordinário",
            "dia-num": 23,
            "dia-sem": "Quinta-feira",
            "festejo": {
                "1": "Cor: Verde - Quinta-feira da XXIX Semana do Tempo Ordinário",
                "2": "(Memória facultativa) - Cor: Branco - São João de Capistrano, presbítero"
            }
        },
        {
            "tiempo": "Tempo Ordinário",
            "dia-num": 24,
            "dia-sem": "Sexta-feira",
            "festejo": {
                "1": "(Festa) - Cor: Branco - São Rafael Guízar y Valencia, bispo"
            }
        },
        {
            "tiempo": "Tempo Ordinário",
            "dia-num": 25,
            "dia-sem": "Sábado",
            "festejo": {
                "1": "Cor: Verde - Sábado da XXIX Semana do Tempo Ordinário",
                "2": "(Memória facultativa) - Cor: Branco - Santo Antônio Maria Claret, bispo",
                "3": "(Memória facultativa) - Cor: Branco - Santa Maria em sábado"
            }
        },
        {
            "tiempo": "Tempo Ordinário",
            "dia-num": 26,
            "dia-sem": "Domingo",
            "festejo": {
                "1": "Cor: Verde - XXX Domingo do Tempo Ordinário"
            }
        },
        {
            "tiempo": "Tempo Ordinário",
            "dia-num": 27,
            "dia-sem": "Segunda-feira",
            "festejo": {
                "1": "Cor: Verde - Segunda-feira da XXX Semana do Tempo Ordinário"
            }
        },
        {
            "tiempo": "Tempo Ordinário",
            "dia-num": 28,
            "dia-sem": "Terça-feira",
            "festejo": {
                "1": "(Festa) - Cor: Vermelho - Santos Simão e Judas, apóstolos"
            }
        },
        {
            "tiempo": "Tempo Ordinário",
            "dia-num": 29,
            "dia-sem": "Quarta-feira",
            "festejo": {
                "1": "Cor: Verde - Quarta-feira da XXX Semana do Tempo Ordinário"
            }
        },
        {
            "tiempo": "Tempo Ordinário",
            "dia-num": 30,
            "dia-sem": "Quinta-feira",
            "festejo": {
                "1": "Cor: Verde - Quinta-feira da XXX Semana do Tempo Ordinário"
            }
        },
        {
            "tiempo": "Tempo Ordinário",
            "dia-num": 31,
            "dia-sem": "Sexta-feira",
            "festejo": {
                "1": "Cor: Verde - Sexta-feira da XXX Semana do Tempo Ordinário"
            }
        }
    ]
}