{
    "novembre": [
        {
            "tiempo": "Temps Ordinaire",
            "dia-num": 1,
            "dia-sem": "Dimanche",
            "festejo": {
                "1": "(Solennité) - Couleur: Blanc - La Toussaint"
            }
        },
        {
            "tiempo": "Temps Ordinaire",
            "dia-num": 2,
            "dia-sem": "Lundi",
            "festejo": {
                "1": "Couleur: Violet ou Noir - Commémoration de tous les fidèles défunts"
            }
        },
        {
            "tiempo": "Temps Ordinaire",
            "dia-num": 3,
            "dia-sem": "Mardi",
            "festejo": {
                "1": "Couleur: Vert - Mardi de la 31ème semaine du Temps Ordinaire",
                "2": "(Mémoire facultative) - Couleur: Blanc - Saint Martin de Porres, religieux"
            }
        },
        {
            "tiempo": "Temps Ordinaire",
            "dia-num": 4,
            "dia-sem": "Mercredi",
            "festejo": {
                "1": "(Mémoire obligatoire) - Couleur: Blanc - Saint Charles Borromée, évêque"
            }
        },
        {
            "tiempo": "Temps Ordinaire",
            "dia-num": 5,
            "dia-sem": "Jeudi",
            "festejo": {
                "1": "Couleur: Vert - Jeudi de la 31ème semaine du Temps Ordinaire"
            }
        },
        {
            "tiempo": "Temps Ordinaire",
            "dia-num": 6,
            "dia-sem": "Vendredi",
            "festejo": {
                "1": "Couleur: Vert - Vendredi de la 31ème semaine du Temps Ordinaire"
            }
        },
        {
            "tiempo": "Temps Ordinaire",
            "dia-num": 7,
            "dia-sem": "Samedi",
            "festejo": {
                "1": "Couleur: Vert - Samedi de la 31ème semaine du Temps Ordinaire",
                "2": "(Mémoire facultative) - Couleur: Blanc - Saint Willibrord, évêque"
            }
        },
        {
            "tiempo": "Temps Ordinaire",
            "dia-num": 8,
            "dia-sem": "Dimanche",
            "festejo": {
                "1": "Couleur: Vert - XXXIIème Dimanche du Temps Ordinaire"
            }
        },
        {
            "tiempo": "Temps Ordinaire",
            "dia-num": 9,
            "dia-sem": "Lundi",
            "festejo": {
                "1": "(Fête) - Couleur: Blanc - La Dédicace de la Basilique du Latran"
            }
        },
        {
            "tiempo": "Temps Ordinaire",
            "dia-num": 10,
            "dia-sem": "Mardi",
            "festejo": {
                "1": "(Mémoire obligatoire) - Couleur: Blanc - Saint Léon le Grand, pape et docteur de l'Église"
            }
        },
        {
            "tiempo": "Temps Ordinaire",
            "dia-num": 11,
            "dia-sem": "Mercredi",
            "festejo": {
                "1": "(Mémoire obligatoire) - Couleur: Blanc - Saint Martin de Tours, évêque"
            }
        },
        {
            "tiempo": "Temps Ordinaire",
            "dia-num": 12,
            "dia-sem": "Jeudi",
            "festejo": {
                "1": "(Mémoire obligatoire) - Couleur: Rouge - Saint Josaphat, évêque et martyr"
            }
        },
        {
            "tiempo": "Temps Ordinaire",
            "dia-num": 13,
            "dia-sem": "Vendredi",
            "festejo": {
                "1": "Couleur: Vert - Vendredi de la 32ème semaine du Temps Ordinaire"
            }
        },
        {
            "tiempo": "Temps Ordinaire",
            "dia-num": 14,
            "dia-sem": "Samedi",
            "festejo": {
                "1": "Couleur: Vert - Samedi de la 32ème semaine du Temps Ordinaire"
            }
        },
        {
            "tiempo": "Temps Ordinaire",
            "dia-num": 15,
            "dia-sem": "Dimanche",
            "festejo": {
                "1": "Couleur: Vert - XXXIIIème Dimanche du Temps Ordinaire"
            }
        },
        {
            "tiempo": "Temps Ordinaire",
            "dia-num": 16,
            "dia-sem": "Lundi",
            "festejo": {
                "1": "Couleur: Vert - Lundi de la 33ème semaine du Temps Ordinaire",
                "2": "(Mémoire facultative) - Couleur: Blanc - Sainte Marguerite d'Écosse",
                "3": "(Mémoire facultative) - Couleur: Blanc - Sainte Gertrude, vierge"
            }
        },
        {
            "tiempo": "Temps Ordinaire",
            "dia-num": 17,
            "dia-sem": "Mardi",
            "festejo": {
                "1": "(Mémoire obligatoire) - Couleur: Blanc - Sainte Élisabeth de Hongrie, religieuse"
            }
        },
        {
            "tiempo": "Temps Ordinaire",
            "dia-num": 18,
            "dia-sem": "Mercredi",
            "festejo": {
                "1": "Couleur: Vert - Mercredi de la 33ème semaine du Temps Ordinaire",
                "2": "(Mémoire facultative) - Couleur: Blanc - Dédicace des basiliques de Saint Pierre et Saint Paul à Rome"
            }
        },
        {
            "tiempo": "Temps Ordinaire",
            "dia-num": 19,
            "dia-sem": "Jeudi",
            "festejo": {
                "1": "Couleur: Vert - Jeudi de la 33ème semaine du Temps Ordinaire"
            }
        },
        {
            "tiempo": "Temps Ordinaire",
            "dia-num": 20,
            "dia-sem": "Vendredi",
            "festejo": {
                "1": "Couleur: Vert - Vendredi de la 33ème semaine du Temps Ordinaire"
            }
        },
        {
            "tiempo": "Temps Ordinaire",
            "dia-num": 21,
            "dia-sem": "Samedi",
            "festejo": {
                "1": "(Mémoire obligatoire) - Couleur: Blanc - Présentation de la Vierge Marie"
            }
        },
        {
            "tiempo": "Temps Ordinaire",
            "dia-num": 22,
            "dia-sem": "Dimanche",
            "festejo": {
                "1": "(Solennité) - Couleur: Blanc - Le Christ, Roi de l'Univers"
            }
        },
        {
            "tiempo": "Temps Ordinaire",
            "dia-num": 23,
            "dia-sem": "Lundi",
            "festejo": {
                "1": "Couleur: Vert - Lundi de la 34ème semaine du Temps Ordinaire",
                "2": "(Mémoire facultative) - Couleur: Rouge - Saint Clément Ier, pape et martyr",
                "3": "(Mémoire facultative) - Couleur: Blanc - Saint Colomban, abbé"
            }
        },
        {
            "tiempo": "Temps Ordinaire",
            "dia-num": 24,
            "dia-sem": "Mardi",
            "festejo": {
                "1": "(Mémoire obligatoire) - Couleur: Rouge - Saints André Dung-Lac, prêtre, et ses compagnons, martyrs"
            }
        },
        {
            "tiempo": "Temps Ordinaire",
            "dia-num": 25,
            "dia-sem": "Mercredi",
            "festejo": {
                "1": "Couleur: Vert - Mercredi de la 34ème semaine du Temps Ordinaire",
                "2": "(Mémoire facultative) - Couleur: Rouge - Sainte Catherine d'Alexandrie, vierge et martyre"
            }
        },
        {
            "tiempo": "Temps Ordinaire",
            "dia-num": 26,
            "dia-sem": "Jeudi",
            "festejo": {
                "1": "Couleur: Vert - Jeudi de la 34ème semaine du Temps Ordinaire"
            }
        },
        {
            "tiempo": "Temps Ordinaire",
            "dia-num": 27,
            "dia-sem": "Vendredi",
            "festejo": {
                "1": "Couleur: Vert - Vendredi de la 34ème semaine du Temps Ordinaire"
            }
        },
        {
            "tiempo": "Temps Ordinaire",
            "dia-num": 28,
            "dia-sem": "Samedi",
            "festejo": {
                "1": "Couleur: Vert - Samedi de la 34ème semaine du Temps Ordinaire"
            }
        },
        {
            "tiempo": "Avent",
            "dia-num": 29,
            "dia-sem": "Dimanche",
            "festejo": {
                "1": "Couleur: Violet - Ier Dimanche de l'Avent"
            }
        },
        {
            "tiempo": "Avent",
            "dia-num": 30,
            "dia-sem": "Lundi",
            "festejo": {
                "1": "(Fête) - Couleur: Rouge - Saint André, apôtre"
            }
        }
    ]
}