{
    "octobre": [
        {
            "tiempo": "Temps Ordinaire",
            "dia-num": 1,
            "dia-sem": "Jeudi",
            "festejo": {
                "1": "(Mémoire obligatoire) - Couleur: Blanc - Sainte Thérèse de l'Enfant-Jésus, vierge et docteur de l'Église"
            }
        },
        {
            "tiempo": "Temps Ordinaire",
            "dia-num": 2,
            "dia-sem": "Vendredi",
            "festejo": {
                "1": "(Mémoire obligatoire) - Couleur: Blanc - Saints Anges gardiens"
            }
        },
        {
            "tiempo": "Temps Ordinaire",
            "dia-num": 3,
            "dia-sem": "Samedi",
            "festejo": {
                "1": "Couleur: Vert - Samedi de la 26ème semaine du Temps Ordinaire"
            }
        },
        {
            "tiempo": "Temps Ordinaire",
            "dia-num": 4,
            "dia-sem": "Dimanche",
            "festejo": {
                "1": "Couleur: Vert - XXVIIème Dimanche du Temps Ordinaire"
            }
        },
        {
            "tiempo": "Temps Ordinaire",
            "dia-num": 5,
            "dia-sem": "Lundi",
            "festejo": {
                "1": "Couleur: Vert - Lundi de la 27ème semaine du Temps Ordinaire",
                "2": "(Mémoire facultative) - Couleur: Blanc - Sainte Faustine Kowalska, vierge"
            }
        },
        {
            "tiempo": "Temps Ordinaire",
            "dia-num": 6,
            "dia-sem": "Mardi",
            "festejo": {
                "1": "Couleur: Vert - Mardi de la 27ème semaine du Temps Ordinaire",
                "2": "(Mémoire facultative) - Couleur: Blanc - Saint Bruno, prêtre"
            }
        },
        {
            "tiempo": "Temps Ordinaire",
            "dia-num": 7,
            "dia-sem": "Mercredi",
            "festejo": {
                "1": "(Mémoire obligatoire) - Couleur: Blanc - Notre-Dame du Rosaire"
            }
        },
        {
            "tiempo": "Temps Ordinaire",
            "dia-num": 8,
            "dia-sem": "Jeudi",
            "festejo": {
                "1": "Couleur: Vert - Jeudi de la 27ème semaine du Temps Ordinaire"
            }
        },
        {
            "tiempo": "Temps Ordinaire",
            "dia-num": 9,
            "dia-sem": "Vendredi",
            "festejo": {
                "1": "Couleur: Vert - Vendredi de la 27ème semaine du Temps Ordinaire",
                "2": "(Mémoire facultative) - Couleur: Rouge - Saint Denis, évêque, et ses compagnons, martyrs",
                "3": "(Mémoire facultative) - Couleur: Blanc - Saint Jean Léonardi, prêtre"
            }
        },
        {
            "tiempo": "Temps Ordinaire",
            "dia-num": 10,
            "dia-sem": "Samedi",
            "festejo": {
                "1": "Couleur: Vert - Samedi de la 27ème semaine du Temps Ordinaire"
            }
        },
        {
            "tiempo": "Temps Ordinaire",
            "dia-num": 11,
            "dia-sem": "Dimanche",
            "festejo": {
                "1": "Couleur: Vert - XXVIIIème Dimanche du Temps Ordinaire"
            }
        },
        {
            "tiempo": "Temps Ordinaire",
            "dia-num": 12,
            "dia-sem": "Lundi",
            "festejo": {
                "1": "Couleur: Vert - Lundi de la 28ème semaine du Temps Ordinaire"
            }
        },
        {
            "tiempo": "Temps Ordinaire",
            "dia-num": 13,
            "dia-sem": "Mardi",
            "festejo": {
                "1": "Couleur: Vert - Mardi de la 28ème semaine du Temps Ordinaire"
            }
        },
        {
            "tiempo": "Temps Ordinaire",
            "dia-num": 14,
            "dia-sem": "Mercredi",
            "festejo": {
                "1": "Couleur: Vert - Mercredi de la 28ème semaine du Temps Ordinaire",
                "2": "(Mémoire facultative) - Couleur: Rouge - Saint Calliste Ier, pape et martyr"
            }
        },
        {
            "tiempo": "Temps Ordinaire",
            "dia-num": 15,
            "dia-sem": "Jeudi",
            "festejo": {
                "1": "(Mémoire obligatoire) - Couleur: Blanc - Sainte Thérèse d'Avila, vierge et docteur de l'Église"
            }
        },
        {
            "tiempo": "Temps Ordinaire",
            "dia-num": 16,
            "dia-sem": "Vendredi",
            "festejo": {
                "1": "Couleur: Vert - Vendredi de la 28ème semaine du Temps Ordinaire",
                "2": "(Mémoire facultative) - Couleur: Blanc - Sainte Hedwige, religieuse",
                "3": "(Mémoire facultative) - Couleur: Blanc - Sainte Marguerite-Marie Alacoque, vierge"
            }
        },
        {
            "tiempo": "Temps Ordinaire",
            "dia-num": 17,
            "dia-sem": "Samedi",
            "festejo": {
                "1": "(Mémoire obligatoire) - Couleur: Rouge - Saint Ignace d'Antioche, évêque et martyr"
            }
        },
        {
            "tiempo": "Temps Ordinaire",
            "dia-num": 18,
            "dia-sem": "Dimanche",
            "festejo": {
                "1": "(Fête) - Couleur: Rouge - Saint Luc, évangéliste"
            }
        },
        {
            "tiempo": "Temps Ordinaire",
            "dia-num": 19,
            "dia-sem": "Lundi",
            "festejo": {
                "1": "Couleur: Vert - Lundi de la 29ème semaine du Temps Ordinaire",
                "2": "(Mémoire facultative) - Couleur: Rouge - Saints Jean de Brébeuf et Isaac Jogues, prêtres, et leurs compagnons, martyrs",
                "3": "(Mémoire facultative) - Couleur: Blanc - Saint Paul de la Croix, prêtre"
            }
        },
        {
            "tiempo": "Temps Ordinaire",
            "dia-num": 20,
            "dia-sem": "Mardi",
            "festejo": {
                "1": "Couleur: Vert - Mardi de la 29ème semaine du Temps Ordinaire"
            }
        },
        {
            "tiempo": "Temps Ordinaire",
            "dia-num": 21,
            "dia-sem": "Mercredi",
            "festejo": {
                "1": "Couleur: Vert - Mercredi de la 29ème semaine du Temps Ordinaire"
            }
        },
        {
            "tiempo": "Temps Ordinaire",
            "dia-num": 22,
            "dia-sem": "Jeudi",
            "festejo": {
                "1": "Couleur: Vert - Jeudi de la 29ème semaine du Temps Ordinaire",
                "2": "(Mémoire facultative) - Couleur: Blanc - Saint Jean-Paul II, pape"
            }
        },
        {
            "tiempo": "Temps Ordinaire",
            "dia-num": 23,
            "dia-sem": "Vendredi",
            "festejo": {
                "1": "Couleur: Vert - Vendredi de la 29ème semaine du Temps Ordinaire",
                "2": "(Mémoire facultative) - Couleur: Blanc - Saint Jean de Capistran, prêtre"
            }
        },
        {
            "tiempo": "Temps Ordinaire",
            "dia-num": 24,
            "dia-sem": "Samedi",
            "festejo": {
                "1": "Couleur: Vert - Samedi de la 29ème semaine du Temps Ordinaire",
                "2": "(Mémoire facultative) - Couleur: Blanc - Saint Antoine-Marie Claret, évêque"
            }
        },
        {
            "tiempo": "Temps Ordinaire",
            "dia-num": 25,
            "dia-sem": "Dimanche",
            "festejo": {
                "1": "Couleur: Vert - XXXème Dimanche du Temps Ordinaire"
            }
        },
        {
            "tiempo": "Temps Ordinaire",
            "dia-num": 26,
            "dia-sem": "Lundi",
            "festejo": {
                "1": "Couleur: Vert - Lundi de la 30ème semaine du Temps Ordinaire"
            }
        },
        {
            "tiempo": "Temps Ordinaire",
            "dia-num": 27,
            "dia-sem": "Mardi",
            "festejo": {
                "1": "Couleur: Vert - Mardi de la 30ème semaine du Temps Ordinaire"
            }
        },
        {
            "tiempo": "Temps Ordinaire",
            "dia-num": 28,
            "dia-sem": "Mercredi",
            "festejo": {
                "1": "(Fête) - Couleur: Rouge - Saints Simon et Jude, apôtres"
            }
        },
        {
            "tiempo": "Temps Ordinaire",
            "dia-num": 29,
            "dia-sem": "Jeudi",
            "festejo": {
                "1": "Couleur: Vert - Jeudi de la 30ème semaine du Temps Ordinaire"
            }
        },
        {
            "tiempo": "Temps Ordinaire",
            "dia-num": 30,
            "dia-sem": "Vendredi",
            "festejo": {
                "1": "Couleur: Vert - Vendredi de la 30ème semaine du Temps Ordinaire"
            }
        },
        {
            "tiempo": "Temps Ordinaire",
            "dia-num": 31,
            "dia-sem": "Samedi",
            "festejo": {
                "1": "Couleur: Vert - Samedi de la 30ème semaine du Temps Ordinaire"
            }
        }
    ]
}