{
    "julho": [
        {
            "tiempo": "Tempo Comum",
            "dia-num": 1,
            "dia-sem": "Quarta-feira",
            "festejo": {
                "1": "Cor: Verde - Quarta-feira da 13ª semana comum"
            }
        },
        {
            "tiempo": "Tempo Comum",
            "dia-num": 2,
            "dia-sem": "Quinta-feira",
            "festejo": {
                "1": "Cor: Verde - Quinta-feira da 13ª semana comum"
            }
        },
        {
            "tiempo": "Tempo Comum",
            "dia-num": 3,
            "dia-sem": "Sexta-feira",
            "festejo": {
                "1": "(Festa) - Cor: Vermelho - São Tomé, Apóstolo"
            }
        },
        {
            "tiempo": "Tempo Comum",
            "dia-num": 4,
            "dia-sem": "Sábado",
            "festejo": {
                "1": "Cor: Verde - Sábado da 13ª semana comum",
                "2": "(Memória facultativa) - Santa Isabel de Portugal"
            }
        },
        {
            "tiempo": "Tempo Comum",
            "dia-num": 5,
            "dia-sem": "Domingo",
            "festejo": {
                "1": "Cor: Verde - 14º Domingo do Tempo Comum",
                "2": "(Memória facultativa) - Santo António Maria Zaccaria, presbítero (omitida)"
            }
        },
        {
            "tiempo": "Tempo Comum",
            "dia-num": 6,
            "dia-sem": "Segunda-feira",
            "festejo": {
                "1": "Cor: Verde - Segunda-feira da 14ª semana comum",
                "2": "(Memória facultativa) - Santa Maria Goretti, virgem e mártir"
            }
        },
        {
            "tiempo": "Tempo Comum",
            "dia-num": 7,
            "dia-sem": "Terça-feira",
            "festejo": {
                "1": "Cor: Verde - Terça-feira da 14ª semana comum"
            }
        },
        {
            "tiempo": "Tempo Comum",
            "dia-num": 8,
            "dia-sem": "Quarta-feira",
            "festejo": {
                "1": "Cor: Verde - Quarta-feira da 14ª semana comum"
            }
        },
        {
            "tiempo": "Tempo Comum",
            "dia-num": 9,
            "dia-sem": "Quinta-feira",
            "festejo": {
                "1": "Cor: Verde - Quinta-feira da 14ª semana comum",
                "2": "(Memória facultativa) - Santos Agostinho Zhao Rong e companheiros, mártires"
            }
        },
        {
            "tiempo": "Tempo Comum",
            "dia-num": 10,
            "dia-sem": "Sexta-feira",
            "festejo": {
                "1": "Cor: Verde - Sexta-feira da 14ª semana comum"
            }
        },
        {
            "tiempo": "Tempo Comum",
            "dia-num": 11,
            "dia-sem": "Sábado",
            "festejo": {
                "1": "(Memória) - Cor: Branco - São Bento, abade"
            }
        },
        {
            "tiempo": "Tempo Comum",
            "dia-num": 12,
            "dia-sem": "Domingo",
            "festejo": {
                "1": "Cor: Verde - 15º Domingo do Tempo Comum"
            }
        },
        {
            "tiempo": "Tempo Comum",
            "dia-num": 13,
            "dia-sem": "Segunda-feira",
            "festejo": {
                "1": "Cor: Verde - Segunda-feira da 15ª semana comum",
                "2": "(Memória facultativa) - Santo Henrique"
            }
        },
        {
            "tiempo": "Tempo Comum",
            "dia-num": 14,
            "dia-sem": "Terça-feira",
            "festejo": {
                "1": "Cor: Verde - Terça-feira da 15ª semana comum",
                "2": "(Memória facultativa) - São Camilo de Lellis, presbítero"
            }
        },
        {
            "tiempo": "Tempo Comum",
            "dia-num": 15,
            "dia-sem": "Quarta-feira",
            "festejo": {
                "1": "(Memória) - Cor: Branco - São Boaventura, bispo e doutor da Igreja"
            }
        },
        {
            "tiempo": "Tempo Comum",
            "dia-num": 16,
            "dia-sem": "Quinta-feira",
            "festejo": {
                "1": "Cor: Verde - Quinta-feira da 15ª semana comum",
                "2": "(Memória facultativa) - Nossa Senhora do Carmo"
            }
        },
        {
            "tiempo": "Tempo Comum",
            "dia-num": 17,
            "dia-sem": "Sexta-feira",
            "festejo": {
                "1": "Cor: Verde - Sexta-feira da 15ª semana comum"
            }
        },
        {
            "tiempo": "Tempo Comum",
            "dia-num": 18,
            "dia-sem": "Sábado",
            "festejo": {
                "1": "Cor: Verde - Sábado da 15ª semana común"
            }
        },
        {
            "tiempo": "Tempo Comum",
            "dia-num": 19,
            "dia-sem": "Domingo",
            "festejo": {
                "1": "Cor: Verde - 16º Domingo do Tempo Comum"
            }
        },
        {
            "tiempo": "Tempo Comum",
            "dia-num": 20,
            "dia-sem": "Segunda-feira",
            "festejo": {
                "1": "Cor: Verde - Segunda-feira da 16ª semana comum",
                "2": "(Memória facultativa) - Santo Apolinário, bispo e mártir"
            }
        },
        {
            "tiempo": "Tempo Comum",
            "dia-num": 21,
            "dia-sem": "Terça-feira",
            "festejo": {
                "1": "Cor: Verde - Terça-feira da 16ª semana común",
                "2": "(Memória facultativa) - São Lourenço de Brindisi, presbítero e doutor da Igreja"
            }
        },
        {
            "tiempo": "Tempo Comum",
            "dia-num": 22,
            "dia-sem": "Quarta-feira",
            "festejo": {
                "1": "(Festa) - Cor: Branco - Santa Maria Madalena"
            }
        },
        {
            "tiempo": "Tempo Comum",
            "dia-num": 23,
            "dia-sem": "Quinta-feira",
            "festejo": {
                "1": "Cor: Verde - Quinta-feira da 16ª semana comum",
                "2": "(Memória facultativa) - Santa Brígida, religiosa"
            }
        },
        {
            "tiempo": "Tempo Comum",
            "dia-num": 24,
            "dia-sem": "Sexta-feira",
            "festejo": {
                "1": "Cor: Verde - Sexta-feira da 16ª semana comum",
                "2": "(Memória facultativa) - São Charbel Makhluf, presbítero"
            }
        },
        {
            "tiempo": "Tempo Comum",
            "dia-num": 25,
            "dia-sem": "Sábado",
            "festejo": {
                "1": "(Festa) - Cor: Vermelho - São Tiago, Apóstolo"
            }
        },
        {
            "tiempo": "Tempo Comum",
            "dia-num": 26,
            "dia-sem": "Domingo",
            "festejo": {
                "1": "(Memória) - Cor: Branco - Santos Joaquim e Ana, pais de Nossa Senhora"
            }
        },
        {
            "tiempo": "Tempo Comum",
            "dia-num": 27,
            "dia-sem": "Segunda-feira",
            "festejo": {
                "1": "Cor: Verde - Segunda-feira da 17ª semana comum"
            }
        },
        {
            "tiempo": "Tempo Comum",
            "dia-num": 28,
            "dia-sem": "Terça-feira",
            "festejo": {
                "1": "Cor: Verde - Terça-feira da 17ª semana comum"
            }
        },
        {
            "tiempo": "Tempo Comum",
            "dia-num": 29,
            "dia-sem": "Quarta-feira",
            "festejo": {
                "1": "(Memória) - Cor: Branco - Santos Marta, Maria e Lázaro"
            }
        },
        {
            "tiempo": "Tempo Comum",
            "dia-num": 30,
            "dia-sem": "Quinta-feira",
            "festejo": {
                "1": "Cor: Verde - Quinta-feira da 17ª semana comum",
                "2": "(Memória facultativa) - São Pedro Crisólogo, bispo e doutor da Igreja"
            }
        },
        {
            "tiempo": "Tempo Comum",
            "dia-num": 31,
            "dia-sem": "Sexta-feira",
            "festejo": {
                "1": "(Memória) - Cor: Branco - Santo Inácio de Loyola, presbítero"
            }
        }
    ]
}