{
    "novembro": [
        {
            "tiempo": "Tempo Comum",
            "dia-num": 1,
            "dia-sem": "Domingo",
            "festejo": {
                "1": "(Solenidade) - Cor: Branco - TODOS OS SANTOS"
            }
        },
        {
            "tiempo": "Tempo Comum",
            "dia-num": 2,
            "dia-sem": "Segunda-feira",
            "festejo": {
                "1": "Cor: Roxo ou Preto - Comemoração de todos os fiéis defuntos"
            }
        },
        {
            "tiempo": "Tempo Comum",
            "dia-num": 3,
            "dia-sem": "Terça-feira",
            "festejo": {
                "1": "Cor: Verde - Terça-feira da 31ª semana comum",
                "2": "(Memória facultativa) - São Martinho de Porres, religioso"
            }
        },
        {
            "tiempo": "Tempo Comum",
            "dia-num": 4,
            "dia-sem": "Quarta-feira",
            "festejo": {
                "1": "(Memória) - Cor: Branco - São Carlos Borromeu, bispo"
            }
        },
        {
            "tiempo": "Tempo Comum",
            "dia-num": 5,
            "dia-sem": "Quinta-feira",
            "festejo": {
                "1": "Cor: Verde - Quinta-feira da 31ª semana comum"
            }
        },
        {
            "tiempo": "Tempo Comum",
            "dia-num": 6,
            "dia-sem": "Sexta-feira",
            "festejo": {
                "1": "Cor: Verde - Sexta-feira da 31ª semana comum"
            }
        },
        {
            "tiempo": "Tempo Comum",
            "dia-num": 7,
            "dia-sem": "Sábado",
            "festejo": {
                "1": "Cor: Verde - Sábado da 31ª semana comum"
            }
        },
        {
            "tiempo": "Tempo Comum",
            "dia-num": 8,
            "dia-sem": "Domingo",
            "festejo": {
                "1": "Cor: Verde - 32º Domingo do Tempo Comum"
            }
        },
        {
            "tiempo": "Tempo Comum",
            "dia-num": 9,
            "dia-sem": "Segunda-feira",
            "festejo": {
                "1": "(Festa) - Cor: Branco - Dedicação da Basílica de Latrão"
            }
        },
        {
            "tiempo": "Tempo Comum",
            "dia-num": 10,
            "dia-sem": "Terça-feira",
            "festejo": {
                "1": "(Memória) - Cor: Branco - São Leão Magno, papa e doutor da Igreja"
            }
        },
        {
            "tiempo": "Tempo Comum",
            "dia-num": 11,
            "dia-sem": "Quarta-feira",
            "festejo": {
                "1": "(Memória) - Cor: Branco - São Martinho de Tours, bispo"
            }
        },
        {
            "tiempo": "Tempo Comum",
            "dia-num": 12,
            "dia-sem": "Quinta-feira",
            "festejo": {
                "1": "(Memória) - Cor: Vermelho - São Josafá, bispo e mártir"
            }
        },
        {
            "tiempo": "Tempo Comum",
            "dia-num": 13,
            "dia-sem": "Sexta-feira",
            "festejo": {
                "1": "Cor: Verde - Sexta-feira da 32ª semana comum"
            }
        },
        {
            "tiempo": "Tempo Comum",
            "dia-num": 14,
            "dia-sem": "Sábado",
            "festejo": {
                "1": "Cor: Verde - Sábado da 32ª semana comum"
            }
        },
        {
            "tiempo": "Tempo Comum",
            "dia-num": 15,
            "dia-sem": "Domingo",
            "festejo": {
                "1": "Cor: Verde - 33º Domingo do Tempo Comum"
            }
        },
        {
            "tiempo": "Tempo Comum",
            "dia-num": 16,
            "dia-sem": "Segunda-feira",
            "festejo": {
                "1": "Cor: Verde - Segunda-feira da 33ª semana comum",
                "2": "(Memória facultativa) - Santa Margarida da Escócia ou Santa Gertrudes, virgem"
            }
        },
        {
            "tiempo": "Tempo Comum",
            "dia-num": 17,
            "dia-sem": "Terça-feira",
            "festejo": {
                "1": "(Memória) - Cor: Branco - Santa Isabel de Hungria, religiosa"
            }
        },
        {
            "tiempo": "Tempo Comum",
            "dia-num": 18,
            "dia-sem": "Quarta-feira",
            "festejo": {
                "1": "Cor: Verde - Quarta-feira da 33ª semana comum",
                "2": "(Memória facultativa) - Dedicação das Basílicas de São Pedro e São Paulo, apóstolos"
            }
        },
        {
            "tiempo": "Tempo Comum",
            "dia-num": 19,
            "dia-sem": "Quinta-feira",
            "festejo": {
                "1": "Cor: Verde - Quinta-feira da 33ª semana comum"
            }
        },
        {
            "tiempo": "Tempo Comum",
            "dia-num": 20,
            "dia-sem": "Sexta-feira",
            "festejo": {
                "1": "Cor: Verde - Sexta-feira da 33ª semana comum"
            }
        },
        {
            "tiempo": "Tempo Comum",
            "dia-num": 21,
            "dia-sem": "Sábado",
            "festejo": {
                "1": "(Memória) - Cor: Branco - Apresentação de Nossa Senhora"
            }
        },
        {
            "tiempo": "Tempo Comum",
            "dia-num": 22,
            "dia-sem": "Domingo",
            "festejo": {
                "1": "(Solenidade) - Cor: Branco - NOSSO SENHOR JESUS CRISTO, REI DO UNIVERSO"
            }
        },
        {
            "tiempo": "Tempo Comum",
            "dia-num": 23,
            "dia-sem": "Segunda-feira",
            "festejo": {
                "1": "Cor: Verde - Segunda-feira da 34ª semana comum",
                "2": "(Memória facultativa) - São Clemente I, papa e mártir ou São Columbano, abade"
            }
        },
        {
            "tiempo": "Tempo Comum",
            "dia-num": 24,
            "dia-sem": "Terça-feira",
            "festejo": {
                "1": "(Memória) - Cor: Vermelho - Santos André Dung-Lac e companheiros, mártires"
            }
        },
        {
            "tiempo": "Tempo Comum",
            "dia-num": 25,
            "dia-sem": "Quarta-feira",
            "festejo": {
                "1": "Cor: Verde - Quarta-feira da 34ª semana comum",
                "2": "(Memória facultativa) - Santa Catarina de Alexandria, virgem e mártir"
            }
        },
        {
            "tiempo": "Tempo Comum",
            "dia-num": 26,
            "dia-sem": "Quinta-feira",
            "festejo": {
                "1": "Cor: Verde - Quinta-feira da 34ª semana comum"
            }
        },
        {
            "tiempo": "Tempo Comum",
            "dia-num": 27,
            "dia-sem": "Sexta-feira",
            "festejo": {
                "1": "Cor: Verde - Sexta-feira da 34ª semana común"
            }
        },
        {
            "tiempo": "Tempo Comum",
            "dia-num": 28,
            "dia-sem": "Sábado",
            "festejo": {
                "1": "Cor: Verde - Sábado da 34ª semana comum"
            }
        },
        {
            "tiempo": "Advento",
            "dia-num": 29,
            "dia-sem": "Domingo",
            "festejo": {
                "1": "Cor: Roxo - 1º DOMINGO DO ADVENTO"
            }
        },
        {
            "tiempo": "Advento",
            "dia-num": 30,
            "dia-sem": "Segunda-feira",
            "festejo": {
                "1": "(Festa) - Cor: Vermelho - Santo André, Apóstolo"
            }
        }
    ]
}