{
    "setembro": [
        {
            "tiempo": "Tempo Comum",
            "dia-num": 1,
            "dia-sem": "Terça-feira",
            "festejo": {
                "1": "Cor: Verde - Terça-feira da 22ª semana comum"
            }
        },
        {
            "tiempo": "Tempo Comum",
            "dia-num": 2,
            "dia-sem": "Quarta-feira",
            "festejo": {
                "1": "Cor: Verde - Quarta-feira da 22ª semana comum"
            }
        },
        {
            "tiempo": "Tempo Comum",
            "dia-num": 3,
            "dia-sem": "Quinta-feira",
            "festejo": {
                "1": "(Memória) - Cor: Branco - São Gregório Magno, papa e doutor da Igreja"
            }
        },
        {
            "tiempo": "Tempo Comum",
            "dia-num": 4,
            "dia-sem": "Sexta-feira",
            "festejo": {
                "1": "Cor: Verde - Sexta-feira da 22ª semana comum"
            }
        },
        {
            "tiempo": "Tempo Comum",
            "dia-num": 5,
            "dia-sem": "Sábado",
            "festejo": {
                "1": "Cor: Verde - Sábado da 22ª semana comum"
            }
        },
        {
            "tiempo": "Tempo Comum",
            "dia-num": 6,
            "dia-sem": "Domingo",
            "festejo": {
                "1": "Cor: Verde - 23º Domingo do Tempo Comum"
            }
        },
        {
            "tiempo": "Tempo Comum",
            "dia-num": 7,
            "dia-sem": "Segunda-feira",
            "festejo": {
                "1": "Cor: Verde - Segunda-feira da 23ª semana comum"
            }
        },
        {
            "tiempo": "Tempo Comum",
            "dia-num": 8,
            "dia-sem": "Terça-feira",
            "festejo": {
                "1": "(Festa) - Cor: Branco - Natividade de Nossa Senhora"
            }
        },
        {
            "tiempo": "Tempo Comum",
            "dia-num": 9,
            "dia-sem": "Quarta-feira",
            "festejo": {
                "1": "(Memória facultativa) - Cor: Verde - São Pedro Claver, presbítero"
            }
        },
        {
            "tiempo": "Tempo Comum",
            "dia-num": 10,
            "dia-sem": "Quinta-feira",
            "festejo": {
                "1": "Cor: Verde - Quinta-feira da 23ª semana comum"
            }
        },
        {
            "tiempo": "Tempo Comum",
            "dia-num": 11,
            "dia-sem": "Sexta-feira",
            "festejo": {
                "1": "Cor: Verde - Sexta-feira da 23ª semana comum"
            }
        },
        {
            "tiempo": "Tempo Comum",
            "dia-num": 12,
            "dia-sem": "Sábado",
            "festejo": {
                "1": "(Memória facultativa) - Cor: Verde - Santíssimo Nome de Maria"
            }
        },
        {
            "tiempo": "Tempo Comum",
            "dia-num": 13,
            "dia-sem": "Domingo",
            "festejo": {
                "1": "Cor: Verde - 24º Domingo do Tempo Comum",
                "2": "(Memória) - São João Crisóstomo, bispo e doutor da Igreja (omitida)"
            }
        },
        {
            "tiempo": "Tempo Comum",
            "dia-num": 14,
            "dia-sem": "Segunda-feira",
            "festejo": {
                "1": "(Festa) - Cor: Vermelho - Exaltação da Santa Cruz"
            }
        },
        {
            "tiempo": "Tempo Comum",
            "dia-num": 15,
            "dia-sem": "Terça-feira",
            "festejo": {
                "1": "(Memória) - Cor: Branco - Nossa Senhora das Dores"
            }
        },
        {
            "tiempo": "Tempo Comum",
            "dia-num": 16,
            "dia-sem": "Quarta-feira",
            "festejo": {
                "1": "(Memória) - Cor: Vermelho - Santos Cornélio, papa, e Cipriano, bispo, mártires"
            }
        },
        {
            "tiempo": "Tempo Comum",
            "dia-num": 17,
            "dia-sem": "Quinta-feira",
            "festejo": {
                "1": "Cor: Verde - Quinta-feira da 24ª semana comum",
                "2": "(Memória facultativa) - São Roberto Belarmino, bispo e doutor da Igreja"
            }
        },
        {
            "tiempo": "Tempo Comum",
            "dia-num": 18,
            "dia-sem": "Sexta-feira",
            "festejo": {
                "1": "Cor: Verde - Sexta-feira da 24ª semana comum"
            }
        },
        {
            "tiempo": "Tempo Comum",
            "dia-num": 19,
            "dia-sem": "Sábado",
            "festejo": {
                "1": "Cor: Verde - Sábado da 24ª semana comum",
                "2": "(Memória facultativa) - São Januário, bispo e mártir"
            }
        },
        {
            "tiempo": "Tempo Comum",
            "dia-num": 20,
            "dia-sem": "Domingo",
            "festejo": {
                "1": "Cor: Verde - 25º Domingo do Tempo Comum",
                "2": "(Memória) - Santos André Kim Taegon, Paulo Chong Hasang e companheiros, mártires (omitida)"
            }
        },
        {
            "tiempo": "Tempo Comum",
            "dia-num": 21,
            "dia-sem": "Segunda-feira",
            "festejo": {
                "1": "(Festa) - Cor: Vermelho - São Mateus, Apóstolo e Evangelista"
            }
        },
        {
            "tiempo": "Tempo Comum",
            "dia-num": 22,
            "dia-sem": "Terça-feira",
            "festejo": {
                "1": "Cor: Verde - Terça-feira da 25ª semana comum"
            }
        },
        {
            "tiempo": "Tempo Comum",
            "dia-num": 23,
            "dia-sem": "Quarta-feira",
            "festejo": {
                "1": "(Memória) - Cor: Branco - São Pio de Pietrelcina, presbítero"
            }
        },
        {
            "tiempo": "Tempo Comum",
            "dia-num": 24,
            "dia-sem": "Quinta-feira",
            "festejo": {
                "1": "Cor: Verde - Quinta-feira da 25ª semana comum"
            }
        },
        {
            "tiempo": "Tempo Comum",
            "dia-num": 25,
            "dia-sem": "Sexta-feira",
            "festejo": {
                "1": "Cor: Verde - Sexta-feira da 25ª semana común"
            }
        },
        {
            "tiempo": "Tempo Comum",
            "dia-num": 26,
            "dia-sem": "Sábado",
            "festejo": {
                "1": "Cor: Verde - Sábado da 25ª semana comum",
                "2": "(Memória facultativa) - Santos Cosme e Damião, mártires"
            }
        },
        {
            "tiempo": "Tempo Comum",
            "dia-num": 27,
            "dia-sem": "Domingo",
            "festejo": {
                "1": "Cor: Verde - 26º Domingo do Tempo Comum",
                "2": "(Memória) - São Vicente de Paulo, presbítero (omitida)"
            }
        },
        {
            "tiempo": "Tempo Comum",
            "dia-num": 28,
            "dia-sem": "Segunda-feira",
            "festejo": {
                "1": "Cor: Verde - Segunda-feira da 26ª semana comum",
                "2": "(Memória facultativa) - São Venceslau, mártir ou Santos Lourenço Ruiz e companheiros, mártires"
            }
        },
        {
            "tiempo": "Tempo Comum",
            "dia-num": 29,
            "dia-sem": "Terça-feira",
            "festejo": {
                "1": "(Festa) - Cor: Branco - Santos Miguel, Gabriel e Rafael, Arcanjos"
            }
        },
        {
            "tiempo": "Tempo Comum",
            "dia-num": 30,
            "dia-sem": "Quarta-feira",
            "festejo": {
                "1": "(Memória) - Cor: Branco - São Jerónimo, presbítero e doutor da Igreja"
            }
        }
    ]
}