{
    "czerwiec": [
        {
            "tiempo": "Okres Zwykły",
            "dia-num": 1,
            "dia-sem": "Poniedziałek",
            "festejo": {
                "1": "(Wspomnienie) - Kolor: Czerwony - Św. Justyna, męczennika"
            }
        },
        {
            "tiempo": "Okres Zwykły",
            "dia-num": 2,
            "dia-sem": "Wtorek",
            "festejo": {
                "1": "Kolor: Zielony - Wtorek 9. tygodnia zwykłego",
                "2": "(Wspomnienie dowolne) - ŚŚ. męczenników Marcelina i Piotra"
            }
        },
        {
            "tiempo": "Okres Zwykły",
            "dia-num": 3,
            "dia-sem": "Środa",
            "festejo": {
                "1": "(Wspomnienie) - Kolor: Czerwony - ŚŚ. męczenników Karola Lwangi i Towarzyszy"
            }
        },
        {
            "tiempo": "Okres Zwykły",
            "dia-num": 4,
            "dia-sem": "Czwartek",
            "festejo": {
                "1": "(Uroczystość) - Kolor: Biały - NAJŚWIĘTSZEGO CIAŁA I KRWI CHRYSTUSA (Boże Ciało)"
            }
        },
        {
            "tiempo": "Okres Zwykły",
            "dia-num": 5,
            "dia-sem": "Piątek",
            "festejo": {
                "1": "(Wspomnienie) - Kolor: Czerwony - Św. Bonifacego, biskupa i męczennika"
            }
        },
        {
            "tiempo": "Okres Zwykły",
            "dia-num": 6,
            "dia-sem": "Sobota",
            "festejo": {
                "1": "Kolor: Zielony - Sobota 9. tygodnia zwykłego",
                "2": "(Wspomnienie dowolne) - Św. Norberta, biskupa"
            }
        },
        {
            "tiempo": "Okres Zwykły",
            "dia-num": 7,
            "dia-sem": "Niedziela",
            "festejo": {
                "1": "Kolor: Zielony - 10. Niedziela zwykła"
            }
        },
        {
            "tiempo": "Okres Zwykły",
            "dia-num": 8,
            "dia-sem": "Poniedziałek",
            "festejo": {
                "1": "(Wspomnienie) - Kolor: Biały - Św. Jadwigi, królowej (W Polsce)"
            }
        },
        {
            "tiempo": "Okres Zwykły",
            "dia-num": 9,
            "dia-sem": "Wtorek",
            "festejo": {
                "1": "Kolor: Zielony - Wtorek 10. tygodnia zwykłego",
                "2": "(Wspomnienie dowolne) - Św. Efrema, diakona i doktora Kościoła"
            }
        },
        {
            "tiempo": "Okres Zwykły",
            "dia-num": 10,
            "dia-sem": "Środa",
            "festejo": {
                "1": "Kolor: Zielony - Środa 10. tygodnia zwykłego",
                "2": "(W Polsce) - Bł. Bogumiła, biskupa"
            }
        },
        {
            "tiempo": "Okres Zwykły",
            "dia-num": 11,
            "dia-sem": "Czwartek",
            "festejo": {
                "1": "(Wspomnienie) - Kolor: Czerwony - Św. Barnaby, Apostoła"
            }
        },
        {
            "tiempo": "Okres Zwykły",
            "dia-num": 12,
            "dia-sem": "Piątek",
            "festejo": {
                "1": "(Uroczystość) - Kolor: Biały - NAJŚWIĘTSZEGO SERCA PANA JEZUSA"
            }
        },
        {
            "tiempo": "Okres Zwykły",
            "dia-num": 13,
            "dia-sem": "Sobota",
            "festejo": {
                "1": "(Wspomnienie) - Kolor: Biały - Niepokalanego Serca Najświętszej Maryi Panny",
                "2": "(Wspomnienie) - Św. Antoniego z Padwy, prezbitera i doktora Kościoła"
            }
        },
        {
            "tiempo": "Okres Zwykły",
            "dia-num": 14,
            "dia-sem": "Niedziela",
            "festejo": {
                "1": "Kolor: Zielony - 11. Niedziela zwykła"
            }
        },
        {
            "tiempo": "Okres Zwykły",
            "dia-num": 15,
            "dia-sem": "Poniedziałek",
            "festejo": {
                "1": "Kolor: Zielony - Poniedziałek 11. tygodnia zwykłego"
            }
        },
        {
            "tiempo": "Okres Zwykły",
            "dia-num": 16,
            "dia-sem": "Wtorek",
            "festejo": {
                "1": "(Wspomnienie) - Kolor: Biały - Bł. Jolanty, zakonnicy (W Polsce)"
            }
        },
        {
            "tiempo": "Okres Zwykły",
            "dia-num": 17,
            "dia-sem": "Środa",
            "festejo": {
                "1": "(Wspomnienie) - Kolor: Biały - Św. Alberta Chmielowskiego, zakonnika (W Polsce)"
            }
        },
        {
            "tiempo": "Okres Zwykły",
            "dia-num": 18,
            "dia-sem": "Czwartek",
            "festejo": {
                "1": "Kolor: Zielony - Czwartek 11. tygodnia zwykłego"
            }
        },
        {
            "tiempo": "Okres Zwykły",
            "dia-num": 19,
            "dia-sem": "Piątek",
            "festejo": {
                "1": "Kolor: Zielony - Piątek 11. tygodnia zwykłego",
                "2": "(Wspomnienie dowolne) - Św. Romualda, opata"
            }
        },
        {
            "tiempo": "Okres Zwykły",
            "dia-num": 20,
            "dia-sem": "Sobota",
            "festejo": {
                "1": "Kolor: Zielony - Sobota 11. tygodnia zwykłego"
            }
        },
        {
            "tiempo": "Okres Zwykły",
            "dia-num": 21,
            "dia-sem": "Niedziela",
            "festejo": {
                "1": "Kolor: Zielony - 12. Niedziela zwykła",
                "2": "(Wspomnienie) - Św. Alojzego Gonzagi, zakonnika (pominięte)"
            }
        },
        {
            "tiempo": "Okres Zwykły",
            "dia-num": 22,
            "dia-sem": "Poniedziałek",
            "festejo": {
                "1": "Kolor: Zielony - Poniedziałek 12. tygodnia zwykłego",
                "2": "(Wspomnienie dowolne) - Św. Paulina z Noli, biskupa lub ŚŚ. męczenników Jana Fishera i Tomasza More'a"
            }
        },
        {
            "tiempo": "Okres Zwykły",
            "dia-num": 23,
            "dia-sem": "Wtorek",
            "festejo": {
                "1": "Kolor: Zielony - Wtorek 12. tygodnia zwykłego"
            }
        },
        {
            "tiempo": "Okres Zwykły",
            "dia-num": 24,
            "dia-sem": "Środa",
            "festejo": {
                "1": "(Uroczystość) - Kolor: Biały - NARODZENIE ŚW. JANA CHRZCICIELA"
            }
        },
        {
            "tiempo": "Okres Zwykły",
            "dia-num": 25,
            "dia-sem": "Czwartek",
            "festejo": {
                "1": "Kolor: Zielony - Czwartek 12. tygodnia zwykłego"
            }
        },
        {
            "tiempo": "Okres Zwykły",
            "dia-num": 26,
            "dia-sem": "Piątek",
            "festejo": {
                "1": "(Wspomnienie) - Kolor: Biały - Św. Zygmunta Gorazdowskiego, prezbitera (W Polsce)"
            }
        },
        {
            "tiempo": "Okres Zwykły",
            "dia-num": 27,
            "dia-sem": "Sobota",
            "festejo": {
                "1": "Kolor: Zielony - Sobota 12. tygodnia zwykłego",
                "2": "(Wspomnienie dowolne) - Św. Cyryla Aleksandryjskiego, biskupa i doktora Kościoła"
            }
        },
        {
            "tiempo": "Okres Zwykły",
            "dia-num": 28,
            "dia-sem": "Niedziela",
            "festejo": {
                "1": "Kolor: Zielony - 13. Niedziela zwykła",
                "2": "(Wspomnienie) - Św. Ireneusza, biskupa i męczennika (pominięte)"
            }
        },
        {
            "tiempo": "Okres Zwykły",
            "dia-num": 29,
            "dia-sem": "Poniedziałek",
            "festejo": {
                "1": "(Uroczystość) - Kolor: Czerwony - ŚWIĘTYCH APOSTOŁÓW PIOTRA I PAWŁA"
            }
        },
        {
            "tiempo": "Okres Zwykły",
            "dia-num": 30,
            "dia-sem": "Wtorek",
            "festejo": {
                "1": "Kolor: Zielony - Wtorek 13. tygodnia zwykłego",
                "2": "(Wspomnienie dowolne) - Świętych Pierwszych Męczenników Kościoła Rzymskiego"
            }
        }
    ]
}